[
  {
    "id": "001",
    "no": "B123451",
    "title": "Web Programming",
    "subject": "mathematics",
    "date": "2019-02-25T14:22:18Z",
    "department": "civil",
    "type": "news paper",
    "status": "out of stock"
  },
  {
    "id": "002",
    "no": "B123452",
    "title": "java Black Book",
    "subject": "java",
    "date": "2019-02-17T14:22:18Z",
    "department": "computer",
    "type": "book",
    "status": "in stock"
  },
  {
    "id": "003",
    "no": "B123453",
    "title": "Parallel Computing",
    "subject": "networking",
    "date": "2019-02-13T14:22:18Z",
    "department": "computer",
    "type": "dvd",
    "status": "out of stock"
  },
  {
    "id": "004",
    "no": "B123454",
    "title": "Politics Science",
    "subject": "politics",
    "date": "2019-02-01T14:22:18Z",
    "department": "computer",
    "type": "book",
    "status": "in stock"
  },
  {
    "id": "005",
    "no": "B123455",
    "title": "networking",
    "subject": "animation",
    "date": "2019-02-02T14:22:18Z",
    "department": "mathematics",
    "type": "cd",
    "status": "out of stock"
  },
  {
    "id": "006",
    "no": "B123456",
    "title": "Time History",
    "subject": "java",
    "date": "2019-02-26T14:22:18Z",
    "department": "mechanical",
    "type": "book",
    "status": "issue"
  },
  {
    "id": "007",
    "no": "B123457",
    "title": "Politics",
    "subject": "politics",
    "date": "2019-02-22T14:22:18Z",
    "department": "civil",
    "type": "book",
    "status": "issue"
  },
  {
    "id": "008",
    "no": "B123458",
    "title": "networking",
    "subject": "mathematics",
    "date": "2019-02-19T14:22:18Z",
    "department": "computer",
    "type": "book",
    "status": "repair"
  },
  {
    "id": "009",
    "no": "B123459",
    "title": "Web Programming",
    "subject": "networking",
    "date": "2019-02-15T14:22:18Z",
    "department": "civil",
    "type": "book",
    "status": "issue"
  },
  {
    "id": "010",
    "no": "B1234510",
    "title": "Computer Fundamental",
    "subject": "animation",
    "date": "2019-02-27T14:22:18Z",
    "department": "mathematics",
    "type": "book",
    "status": "issue"
  },
  {
    "id": "011",
    "no": "B1234511",
    "title": "Computer Fundamental",
    "subject": "other",
    "date": "2019-02-21T14:22:18Z",
    "department": "civil",
    "type": "cd",
    "status": "in stock"
  },
  {
    "id": "012",
    "no": "B1234512",
    "title": "Time History",
    "subject": "mathematics",
    "date": "2019-02-10T14:22:18Z",
    "department": "computer",
    "type": "news paper",
    "status": "out of stock"
  },
  {
    "id": "013",
    "no": "B1234513",
    "title": "java Black Book",
    "subject": "java",
    "date": "2019-02-11T14:22:18Z",
    "department": "management",
    "type": "dvd",
    "status": "out of stock"
  },
  {
    "id": "014",
    "no": "B1234514",
    "title": "Parallel Computing",
    "subject": "politics",
    "date": "2019-02-16T14:22:18Z",
    "department": "management",
    "type": "book",
    "status": "out of stock"
  },
  {
    "id": "015",
    "no": "B1234515",
    "title": "Computer Fundamental",
    "subject": "java",
    "date": "2019-02-04T14:22:18Z",
    "department": "mechanical",
    "type": "book",
    "status": "repair"
  },
  {
    "id": "016",
    "no": "B1234516",
    "title": "Advance java",
    "subject": "management",
    "date": "2019-02-15T14:22:18Z",
    "department": "civil",
    "type": "book",
    "status": "out of stock"
  }
]
