[
  {
    "id": "001",
    "img": "assets/images/user/user1.jpg",
    "gender": "male",
    "email": "test@email.com",
    "date": "2018-02-25T14:22:18Z",
    "department": "mathematics",
    "mobile": "1234567890",
    "name": "John Deo",
    "degree": "M.Sc., PHD."
  },
  {
    "id": "002",
    "img": "assets/images/user/user2.jpg",
    "gender": "female",
    "email": "test@email.com",
    "date": "2018-02-12T14:22:18Z",
    "department": "civil",
    "mobile": "1234567890",
    "name": "Sarah Smith",
    "degree": "M.C.A."
  },
  {
    "id": "003",
    "img": "assets/images/user/user3.jpg",
    "gender": "male",
    "email": "test@email.com",
    "date": "2018-02-25T14:22:18Z",
    "department": "civil",
    "mobile": "1234567890",
    "name": "John Deo",
    "degree": "B.A.,M.A."
  },
  {
    "id": "004",
    "img": "assets/images/user/user4.jpg",
    "gender": "female",
    "email": "test@email.com",
    "date": "2018-02-25T14:22:18Z",
    "department": "mathematics",
    "mobile": "1234567890",
    "name": "Jay Soni",
    "degree": "M.Com., P.H.D."
  },
  {
    "id": "005",
    "img": "assets/images/user/user5.jpg",
    "gender": "male",
    "email": "test@email.com",
    "date": "2018-02-25T14:22:18Z",
    "department": "science",
    "mobile": "1234567890",
    "name": "Smita Parikh",
    "degree": "B.C.A.,M.C.A."
  },
  {
    "id": "006",
    "img": "assets/images/user/user6.jpg",
    "gender": "male",
    "email": "test@email.com",
    "date": "2018-02-25T14:22:18Z",
    "department": "Computer",
    "mobile": "1234567890",
    "name": "Pankaj Sinha",
    "degree": "M.Com., P.H.D."
  },
  {
    "id": "007",
    "img": "assets/images/user/user7.jpg",
    "gender": "male",
    "email": "test@email.com",
    "date": "2018-02-25T14:22:18Z",
    "department": "mechanical",
    "mobile": "1234567890",
    "name": "Pankaj Sinha",
    "degree": "M.Sc., PHD."
  },
  {
    "id": "008",
    "img": "assets/images/user/user8.jpg",
    "gender": "female",
    "email": "test@email.com",
    "date": "2018-02-25T14:22:18Z",
    "department": "mathematics",
    "mobile": "1234567890",
    "name": "Jay Soni",
    "degree": "B.B.A.,M.B.A."
  },
  {
    "id": "009",
    "img": "assets/images/user/user9.jpg",
    "gender": "female",
    "email": "test@email.com",
    "date": "2018-02-25T14:22:18Z",
    "department": "mathematics",
    "mobile": "1234567890",
    "name": "Smita Parikh",
    "degree": "B.B.A.,M.B.A."
  },
  {
    "id": "010",
    "img": "assets/images/user/user10.jpg",
    "gender": "male",
    "email": "test@email.com",
    "date": "2018-02-25T14:22:18Z",
    "department": "civil",
    "mobile": "1234567890",
    "name": "Pooja Patel",
    "degree": "M.Com., P.H.D."
  },
  {
    "id": "011",
    "img": "assets/images/user/user1.jpg",
    "gender": "female",
    "email": "test@email.com",
    "date": "2018-02-25T14:22:18Z",
    "department": "civil",
    "mobile": "1234567890",
    "name": "Jay Soni",
    "degree": "M.Sc., PHD."
  },
  {
    "id": "012",
    "img": "assets/images/user/user1.jpg",
    "gender": "male",
    "email": "test@email.com",
    "date": "2018-02-25T14:22:18Z",
    "department": "mathematics",
    "mobile": "1234567890",
    "name": "Pooja Patel",
    "degree": "B.C.A.,M.C.A."
  },
  {
    "id": "013",
    "img": "assets/images/user/user2.jpg",
    "gender": "female",
    "email": "test@email.com",
    "date": "2018-02-25T14:22:18Z",
    "department": "mathematics",
    "mobile": "1234567890",
    "name": "Sarah Smith",
    "degree": "M.C.A."
  },
  {
    "id": "014",
    "img": "assets/images/user/user3.jpg",
    "gender": "male",
    "email": "test@email.com",
    "date": "2018-02-25T14:22:18Z",
    "department": "science",
    "mobile": "1234567890",
    "name": "Smita Parikh",
    "degree": "B.A.,M.A."
  },
  {
    "id": "015",
    "img": "assets/images/user/user4.jpg",
    "gender": "female",
    "email": "test@email.com",
    "date": "2018-02-25T14:22:18Z",
    "department": "mechanical",
    "mobile": "1234567890",
    "name": "Jay Soni",
    "degree": "B.B.A.,M.B.A."
  },
  {
    "id": "016",
    "img": "assets/images/user/user5.jpg",
    "gender": "male",
    "email": "test@email.com",
    "date": "2018-02-25T14:22:18Z",
    "department": "civil",
    "mobile": "1234567890",
    "name": "Pankaj Sinha",
    "degree": "M.Com., P.H.D."
  }
]
